{"trial_id": "02", "hyperparameters": {"space": [{"class_name": "Int", "config": {"name": "num_layers", "default": null, "conditions": [], "min_value": 1, "max_value": 5, "step": 1, "sampling": "linear"}}, {"class_name": "Int", "config": {"name": "units_0", "default": null, "conditions": [], "min_value": 50, "max_value": 360, "step": 50, "sampling": "linear"}}, {"class_name": "Choice", "config": {"name": "activation_0", "default": "relu", "conditions": [], "values": ["relu", "tanh"], "ordered": false}}, {"class_name": "Float", "config": {"name": "learning_rate", "default": 0.0001, "conditions": [], "min_value": 0.0001, "max_value": 0.01, "step": null, "sampling": "log"}}], "values": {"num_layers": 1, "units_0": 50, "activation_0": "relu", "learning_rate": 0.000316227766016838}}, "metrics": {"metrics": {"loss": {"direction": "min", "observations": [{"value": [0.05152444168925285], "step": 47}]}, "mae": {"direction": "min", "observations": [{"value": [0.05152444168925285], "step": 47}]}, "mse": {"direction": "min", "observations": [{"value": [0.012016379740089178], "step": 47}]}, "rmse": {"direction": "min", "observations": [{"value": [0.10144074633717537], "step": 47}]}, "val_loss": {"direction": "min", "observations": [{"value": [0.054474879056215286], "step": 47}]}, "val_mae": {"direction": "min", "observations": [{"value": [0.054474879056215286], "step": 47}]}, "val_mse": {"direction": "min", "observations": [{"value": [0.01250503957271576], "step": 47}]}, "val_rmse": {"direction": "min", "observations": [{"value": [0.10413296893239021], "step": 47}]}}}, "score": 0.10413296893239021, "best_step": 47, "status": "COMPLETED", "message": null}