{"trial_id": "00", "hyperparameters": {"space": [{"class_name": "Int", "config": {"name": "num_layers", "default": null, "conditions": [], "min_value": 1, "max_value": 5, "step": 1, "sampling": "linear"}}, {"class_name": "Int", "config": {"name": "units_0", "default": null, "conditions": [], "min_value": 50, "max_value": 360, "step": 50, "sampling": "linear"}}, {"class_name": "Choice", "config": {"name": "activation_0", "default": "relu", "conditions": [], "values": ["relu", "tanh"], "ordered": false}}, {"class_name": "Float", "config": {"name": "learning_rate", "default": 0.0001, "conditions": [], "min_value": 0.0001, "max_value": 0.01, "step": null, "sampling": "log"}}], "values": {"num_layers": 1, "units_0": 50, "activation_0": "relu", "learning_rate": 0.0001}}, "metrics": {"metrics": {"loss": {"direction": "min", "observations": [{"value": [0.05592776834964752], "step": 49}]}, "mae": {"direction": "min", "observations": [{"value": [0.05592776834964752], "step": 49}]}, "mse": {"direction": "min", "observations": [{"value": [0.014139983803033829], "step": 49}]}, "rmse": {"direction": "min", "observations": [{"value": [0.11053554713726044], "step": 49}]}, "val_loss": {"direction": "min", "observations": [{"value": [0.059634458273649216], "step": 49}]}, "val_mae": {"direction": "min", "observations": [{"value": [0.059634458273649216], "step": 49}]}, "val_mse": {"direction": "min", "observations": [{"value": [0.015018063597381115], "step": 49}]}, "val_rmse": {"direction": "min", "observations": [{"value": [0.1145753338932991], "step": 49}]}}}, "score": 0.1145753338932991, "best_step": 49, "status": "COMPLETED", "message": null}