{"trial_id": "06", "hyperparameters": {"space": [{"class_name": "Int", "config": {"name": "num_layers", "default": null, "conditions": [], "min_value": 1, "max_value": 5, "step": 1, "sampling": "linear"}}, {"class_name": "Int", "config": {"name": "units_0", "default": null, "conditions": [], "min_value": 50, "max_value": 360, "step": 50, "sampling": "linear"}}, {"class_name": "Choice", "config": {"name": "activation_0", "default": "relu", "conditions": [], "values": ["relu", "tanh"], "ordered": false}}, {"class_name": "Float", "config": {"name": "learning_rate", "default": 0.0001, "conditions": [], "min_value": 0.0001, "max_value": 0.01, "step": null, "sampling": "log"}}], "values": {"num_layers": 1, "units_0": 50, "activation_0": "relu", "learning_rate": 0.0012589254117941675}}, "metrics": {"metrics": {"loss": {"direction": "min", "observations": [{"value": [0.05073229596018791], "step": 29}]}, "mae": {"direction": "min", "observations": [{"value": [0.05073229596018791], "step": 29}]}, "mse": {"direction": "min", "observations": [{"value": [0.01030655624344945], "step": 29}]}, "rmse": {"direction": "min", "observations": [{"value": [0.09578801691532135], "step": 29}]}, "val_loss": {"direction": "min", "observations": [{"value": [0.05443526245653629], "step": 29}]}, "val_mae": {"direction": "min", "observations": [{"value": [0.05443526245653629], "step": 29}]}, "val_mse": {"direction": "min", "observations": [{"value": [0.010708114132285118], "step": 29}]}, "val_rmse": {"direction": "min", "observations": [{"value": [0.0969667062163353], "step": 29}]}}}, "score": 0.0969667062163353, "best_step": 29, "status": "COMPLETED", "message": null}