{"trial_id": "04", "hyperparameters": {"space": [{"class_name": "Int", "config": {"name": "num_layers", "default": null, "conditions": [], "min_value": 1, "max_value": 5, "step": 1, "sampling": "linear"}}, {"class_name": "Int", "config": {"name": "units_0", "default": null, "conditions": [], "min_value": 50, "max_value": 360, "step": 50, "sampling": "linear"}}, {"class_name": "Choice", "config": {"name": "activation_0", "default": "relu", "conditions": [], "values": ["relu", "tanh"], "ordered": false}}, {"class_name": "Float", "config": {"name": "learning_rate", "default": 0.0001, "conditions": [], "min_value": 0.0001, "max_value": 0.01, "step": null, "sampling": "log"}}], "values": {"num_layers": 1, "units_0": 50, "activation_0": "relu", "learning_rate": 0.007943282347242817}}, "metrics": {"metrics": {"loss": {"direction": "min", "observations": [{"value": [0.051781294867396355], "step": 14}]}, "mae": {"direction": "min", "observations": [{"value": [0.051781294867396355], "step": 14}]}, "mse": {"direction": "min", "observations": [{"value": [0.010536154266446829], "step": 14}]}, "rmse": {"direction": "min", "observations": [{"value": [0.09642460942268372], "step": 14}]}, "val_loss": {"direction": "min", "observations": [{"value": [0.05368114449083805], "step": 14}]}, "val_mae": {"direction": "min", "observations": [{"value": [0.05368114449083805], "step": 14}]}, "val_mse": {"direction": "min", "observations": [{"value": [0.010586021933704615], "step": 14}]}, "val_rmse": {"direction": "min", "observations": [{"value": [0.09650886803865433], "step": 14}]}}}, "score": 0.09650886803865433, "best_step": 14, "status": "COMPLETED", "message": null}