{"trial_id": "07", "hyperparameters": {"space": [{"class_name": "Int", "config": {"name": "num_layers", "default": null, "conditions": [], "min_value": 1, "max_value": 5, "step": 1, "sampling": "linear"}}, {"class_name": "Int", "config": {"name": "units_0", "default": null, "conditions": [], "min_value": 50, "max_value": 360, "step": 50, "sampling": "linear"}}, {"class_name": "Choice", "config": {"name": "activation_0", "default": "relu", "conditions": [], "values": ["relu", "tanh"], "ordered": false}}, {"class_name": "Float", "config": {"name": "learning_rate", "default": 0.0001, "conditions": [], "min_value": 0.0001, "max_value": 0.01, "step": null, "sampling": "log"}}], "values": {"num_layers": 1, "units_0": 50, "activation_0": "relu", "learning_rate": 0.0050118723362727255}}, "metrics": {"metrics": {"loss": {"direction": "min", "observations": [{"value": [0.05162248946726322], "step": 21}]}, "mae": {"direction": "min", "observations": [{"value": [0.05162248946726322], "step": 21}]}, "mse": {"direction": "min", "observations": [{"value": [0.010388918220996857], "step": 21}]}, "rmse": {"direction": "min", "observations": [{"value": [0.09632358700037003], "step": 21}]}, "val_loss": {"direction": "min", "observations": [{"value": [0.05343579687178135], "step": 21}]}, "val_mae": {"direction": "min", "observations": [{"value": [0.05343579687178135], "step": 21}]}, "val_mse": {"direction": "min", "observations": [{"value": [0.010385457426309586], "step": 21}]}, "val_rmse": {"direction": "min", "observations": [{"value": [0.09590800479054451], "step": 21}]}}}, "score": 0.09590800479054451, "best_step": 21, "status": "COMPLETED", "message": null}