{"ongoing_trials": {}, "hyperparameters": {"space": [{"class_name": "Int", "config": {"name": "num_layers", "default": null, "conditions": [], "min_value": 1, "max_value": 5, "step": 1, "sampling": "linear"}}, {"class_name": "Int", "config": {"name": "units_0", "default": null, "conditions": [], "min_value": 50, "max_value": 360, "step": 50, "sampling": "linear"}}, {"class_name": "Choice", "config": {"name": "activation_0", "default": "relu", "conditions": [], "values": ["relu", "tanh"], "ordered": false}}, {"class_name": "Float", "config": {"name": "learning_rate", "default": 0.0001, "conditions": [], "min_value": 0.0001, "max_value": 0.01, "step": null, "sampling": "log"}}], "values": {"num_layers": 1, "units_0": 50, "activation_0": "relu", "learning_rate": 0.0001}}, "start_order": ["00", "01", "02", "03", "04", "05", "06", "07", "08", "09"], "end_order": ["00", "01", "02", "03", "04", "05", "06", "07", "08", "09"], "run_times": {"00": 1, "01": 1, "02": 1, "03": 1, "04": 1, "05": 1, "06": 1, "07": 1, "08": 1, "09": 1}, "retry_queue": [], "seed": 42, "seed_state": 42, "tried_so_far": ["74342630f213db06541d35ae451e3840", "8f0b0cf70e8a43d1d011e5ccf91bbcb2", "014aacfdc59980beff8026d9a2eee0d7", "91ade47f37f571f43250ad908c2f1a81", "4dbea7cd87dc7a63dedf2c8838fc7a6a", "50e8c9a189eb654347b188ab36ecbca5", "e640aff3012f6e8c02b27bfcda7ce029", "3cc3128361962e8b126d18835aec9881", "e3c61050bc5d54e70c8bed6f88789d7b", "cd97ebe9fad0a01df4984edec47ecf3d"], "id_to_hash": {"00": "e640aff3012f6e8c02b27bfcda7ce029", "01": "50e8c9a189eb654347b188ab36ecbca5", "02": "74342630f213db06541d35ae451e3840", "03": "3cc3128361962e8b126d18835aec9881", "04": "91ade47f37f571f43250ad908c2f1a81", "05": "4dbea7cd87dc7a63dedf2c8838fc7a6a", "06": "e3c61050bc5d54e70c8bed6f88789d7b", "07": "cd97ebe9fad0a01df4984edec47ecf3d", "08": "8f0b0cf70e8a43d1d011e5ccf91bbcb2", "09": "014aacfdc59980beff8026d9a2eee0d7"}, "display": {"search_start": "2024-07-16T00:09:16.093345", "trial_start": {"00": "2024-07-16T00:09:16.093345", "01": "2024-07-16T00:10:01.251239", "02": "2024-07-16T00:10:58.479948", "03": "2024-07-16T00:11:41.696934", "04": "2024-07-16T00:12:29.428547", "05": "2024-07-16T00:12:59.867782", "06": "2024-07-16T00:13:46.968602", "07": "2024-07-16T00:14:25.829972", "08": "2024-07-16T00:15:01.641335", "09": "2024-07-16T00:15:52.050073"}, "trial_number": {"00": 1, "01": 2, "02": 3, "03": 4, "04": 5, "05": 6, "06": 7, "07": 8, "08": 9, "09": 10}}}