{"trial_id": "05", "hyperparameters": {"space": [{"class_name": "Int", "config": {"name": "num_layers", "default": null, "conditions": [], "min_value": 1, "max_value": 5, "step": 1, "sampling": "linear"}}, {"class_name": "Int", "config": {"name": "units_0", "default": null, "conditions": [], "min_value": 50, "max_value": 360, "step": 50, "sampling": "linear"}}, {"class_name": "Choice", "config": {"name": "activation_0", "default": "relu", "conditions": [], "values": ["relu", "tanh"], "ordered": false}}, {"class_name": "Float", "config": {"name": "learning_rate", "default": 0.0001, "conditions": [], "min_value": 0.0001, "max_value": 0.01, "step": null, "sampling": "log"}}], "values": {"num_layers": 1, "units_0": 50, "activation_0": "relu", "learning_rate": 0.00019952623149688798}}, "metrics": {"metrics": {"loss": {"direction": "min", "observations": [{"value": [0.05252585746347904], "step": 46}]}, "mae": {"direction": "min", "observations": [{"value": [0.05252585746347904], "step": 46}]}, "mse": {"direction": "min", "observations": [{"value": [0.013743849005550146], "step": 46}]}, "rmse": {"direction": "min", "observations": [{"value": [0.10495796427130699], "step": 46}]}, "val_loss": {"direction": "min", "observations": [{"value": [0.05578240752220154], "step": 46}]}, "val_mae": {"direction": "min", "observations": [{"value": [0.05578240752220154], "step": 46}]}, "val_mse": {"direction": "min", "observations": [{"value": [0.01493086852133274], "step": 46}]}, "val_rmse": {"direction": "min", "observations": [{"value": [0.10956519842147827], "step": 46}]}}}, "score": 0.10956519842147827, "best_step": 46, "status": "COMPLETED", "message": null}