{"trial_id": "01", "hyperparameters": {"space": [{"class_name": "Int", "config": {"name": "num_layers", "default": null, "conditions": [], "min_value": 1, "max_value": 5, "step": 1, "sampling": "linear"}}, {"class_name": "Int", "config": {"name": "units_0", "default": null, "conditions": [], "min_value": 50, "max_value": 360, "step": 50, "sampling": "linear"}}, {"class_name": "Choice", "config": {"name": "activation_0", "default": "relu", "conditions": [], "values": ["relu", "tanh"], "ordered": false}}, {"class_name": "Float", "config": {"name": "learning_rate", "default": 0.0001, "conditions": [], "min_value": 0.0001, "max_value": 0.01, "step": null, "sampling": "log"}}], "values": {"num_layers": 1, "units_0": 50, "activation_0": "relu", "learning_rate": 0.0005011872336272724}}, "metrics": {"metrics": {"loss": {"direction": "min", "observations": [{"value": [0.050370803102850914], "step": 48}]}, "mae": {"direction": "min", "observations": [{"value": [0.050370803102850914], "step": 48}]}, "mse": {"direction": "min", "observations": [{"value": [0.010429558344185352], "step": 48}]}, "rmse": {"direction": "min", "observations": [{"value": [0.09645289927721024], "step": 48}]}, "val_loss": {"direction": "min", "observations": [{"value": [0.05309043824672699], "step": 48}]}, "val_mae": {"direction": "min", "observations": [{"value": [0.05309043824672699], "step": 48}]}, "val_mse": {"direction": "min", "observations": [{"value": [0.010988449212163687], "step": 48}]}, "val_rmse": {"direction": "min", "observations": [{"value": [0.09836496412754059], "step": 48}]}}}, "score": 0.09836496412754059, "best_step": 48, "status": "COMPLETED", "message": null}