{"trial_id": "03", "hyperparameters": {"space": [{"class_name": "Int", "config": {"name": "num_layers", "default": null, "conditions": [], "min_value": 1, "max_value": 5, "step": 1, "sampling": "linear"}}, {"class_name": "Int", "config": {"name": "units_0", "default": null, "conditions": [], "min_value": 50, "max_value": 360, "step": 50, "sampling": "linear"}}, {"class_name": "Choice", "config": {"name": "activation_0", "default": "relu", "conditions": [], "values": ["relu", "tanh"], "ordered": false}}, {"class_name": "Float", "config": {"name": "learning_rate", "default": 0.0001, "conditions": [], "min_value": 0.0001, "max_value": 0.01, "step": null, "sampling": "log"}}], "values": {"num_layers": 1, "units_0": 50, "activation_0": "relu", "learning_rate": 0.0007943282347242816}}, "metrics": {"metrics": {"loss": {"direction": "min", "observations": [{"value": [0.05029949173331261], "step": 45}]}, "mae": {"direction": "min", "observations": [{"value": [0.05029949173331261], "step": 45}]}, "mse": {"direction": "min", "observations": [{"value": [0.010231552179902792], "step": 45}]}, "rmse": {"direction": "min", "observations": [{"value": [0.0947137176990509], "step": 45}]}, "val_loss": {"direction": "min", "observations": [{"value": [0.053114278241992], "step": 45}]}, "val_mae": {"direction": "min", "observations": [{"value": [0.053114278241992], "step": 45}]}, "val_mse": {"direction": "min", "observations": [{"value": [0.010835043154656887], "step": 45}]}, "val_rmse": {"direction": "min", "observations": [{"value": [0.09787070006132126], "step": 45}]}}}, "score": 0.09787070006132126, "best_step": 45, "status": "COMPLETED", "message": null}