{"trial_id": "09", "hyperparameters": {"space": [{"class_name": "Int", "config": {"name": "num_layers", "default": null, "conditions": [], "min_value": 1, "max_value": 5, "step": 1, "sampling": "linear"}}, {"class_name": "Int", "config": {"name": "units_0", "default": null, "conditions": [], "min_value": 50, "max_value": 360, "step": 50, "sampling": "linear"}}, {"class_name": "Choice", "config": {"name": "activation_0", "default": "relu", "conditions": [], "values": ["relu", "tanh"], "ordered": false}}, {"class_name": "Float", "config": {"name": "learning_rate", "default": 0.0001, "conditions": [], "min_value": 0.0001, "max_value": 0.01, "step": null, "sampling": "log"}}], "values": {"num_layers": 1, "units_0": 50, "activation_0": "relu", "learning_rate": 0.003162277660168381}}, "metrics": {"metrics": {"loss": {"direction": "min", "observations": [{"value": [0.05076570808887482], "step": 21}]}, "mae": {"direction": "min", "observations": [{"value": [0.05076570808887482], "step": 21}]}, "mse": {"direction": "min", "observations": [{"value": [0.010216800030320883], "step": 21}]}, "rmse": {"direction": "min", "observations": [{"value": [0.09562579542398453], "step": 21}]}, "val_loss": {"direction": "min", "observations": [{"value": [0.05433204397559166], "step": 21}]}, "val_mae": {"direction": "min", "observations": [{"value": [0.05433204397559166], "step": 21}]}, "val_mse": {"direction": "min", "observations": [{"value": [0.010550371371209621], "step": 21}]}, "val_rmse": {"direction": "min", "observations": [{"value": [0.09639689698815346], "step": 21}]}}}, "score": 0.09639689698815346, "best_step": 21, "status": "COMPLETED", "message": null}