{"trial_id": "08", "hyperparameters": {"space": [{"class_name": "Int", "config": {"name": "num_layers", "default": null, "conditions": [], "min_value": 1, "max_value": 5, "step": 1, "sampling": "linear"}}, {"class_name": "Int", "config": {"name": "units_0", "default": null, "conditions": [], "min_value": 50, "max_value": 360, "step": 50, "sampling": "linear"}}, {"class_name": "Choice", "config": {"name": "activation_0", "default": "relu", "conditions": [], "values": ["relu", "tanh"], "ordered": false}}, {"class_name": "Float", "config": {"name": "learning_rate", "default": 0.0001, "conditions": [], "min_value": 0.0001, "max_value": 0.01, "step": null, "sampling": "log"}}], "values": {"num_layers": 1, "units_0": 50, "activation_0": "relu", "learning_rate": 0.00012589254117941674}}, "metrics": {"metrics": {"loss": {"direction": "min", "observations": [{"value": [0.053668148815631866], "step": 49}]}, "mae": {"direction": "min", "observations": [{"value": [0.053668148815631866], "step": 49}]}, "mse": {"direction": "min", "observations": [{"value": [0.01358485547825694], "step": 49}]}, "rmse": {"direction": "min", "observations": [{"value": [0.10669689625501633], "step": 49}]}, "val_loss": {"direction": "min", "observations": [{"value": [0.056826477870345116], "step": 49}]}, "val_mae": {"direction": "min", "observations": [{"value": [0.056826477870345116], "step": 49}]}, "val_mse": {"direction": "min", "observations": [{"value": [0.01450404804199934], "step": 49}]}, "val_rmse": {"direction": "min", "observations": [{"value": [0.11082928255200386], "step": 49}]}}}, "score": 0.11082928255200386, "best_step": 49, "status": "COMPLETED", "message": null}